itemid,clock,value
174353215400003,1743591600,6658
174353215400003,1743595200,6656
174353215400003,1743598800,6557
174353215400003,1743602400,6600
174353215400003,1743606000,6645
174353215400003,1743609600,6622
174353215400003,1743613200,6699
174353215400003,1743616800,6618
174353215400003,1743620400,6714
174353215400003,1743624000,6774
174353215400003,1743627600,6759
174353215400003,1743631200,6710
174353215400003,1743634800,6813
174353215400003,1743638400,6687
174353215400003,1743642000,6759
174353215400003,1743645600,6550
174353215400003,1743649200,6773
174353215400003,1743652800,6641
174353215400003,1743656400,6828
174353215400003,1743660000,6706
174353215400003,1743663600,6606
174353215400003,1743667200,6785
174353215400003,1743670800,6765
174353215400003,1743674400,6634
174353215400003,1743678000,6678
174353215400003,1743681600,6699
174353215400003,1743685200,6547
174353215400003,1743688800,6677
174353215400003,1743692400,6769
174353215400003,1743696000,6692
174353215400003,1743699600,6667
174353215400003,1743703200,6761
174353215400003,1743706800,6697
174353215400003,1743710400,6879
174353215400003,1743714000,6721
174353215400003,1743717600,6783
174353215400003,1743721200,6616
174353215400003,1743724800,6824
174353215400003,1743728400,6625
174353215400003,1743732000,6697
174353215400003,1743735600,6783
174353215400003,1743739200,6716
174353215400003,1743742800,6571
174353215400003,1743746400,6436
174353215400003,1743750000,6332
174353215400003,1743753600,6316
174353215400003,1743757200,6372
174353215400003,1743760800,6274
174353215400003,1743764400,6371
174353215400003,1743768000,6441
174353215400003,1743771600,6239
174353215400003,1743775200,6273
174353215400003,1743778800,6219
174353215400003,1743782400,6190
174353215400003,1743786000,6313
174353215400003,1743789600,6272
174353215400003,1743793200,6429
174353215400003,1743796800,6226
174353215400003,1743800400,6377
174353215400003,1743804000,6269
174353215400003,1743807600,6416
174353215400003,1743811200,6300
174353215400003,1743814800,6542
174353215400003,1743818400,6597
174353215400003,1743822000,6956
174353215400003,1743825600,6916
174353215400003,1743829200,6828
174353215400003,1743832800,6684
174353215400003,1743836400,6774
174353215400003,1743840000,6698
174353215400003,1743843600,6897
174353215400003,1743847200,6762
174353215400003,1743850800,6850
174353215400003,1743854400,6903
174353215400003,1743858000,6669
174353215400003,1743861600,6846
174353215400003,1743865200,6301
174353215400003,1743868800,6276
174353215400003,1743872400,6381
174353215400003,1743876000,6225
174353215400003,1743879600,6462
174353215400003,1743883200,6419
174353215400003,1743886800,6397
174353215400003,1743890400,6383
174353215400003,1743894000,6422
174353215400003,1743897600,6349
174353215400003,1743901200,6483
174353215400003,1743904800,6398
174353215400003,1743908400,6303
174353215400003,1743912000,6332
174353215400003,1743915600,6319
174353215400003,1743919200,6347
174353215400003,1743922800,6267
174353215400003,1743926400,6312
174353215400003,1743930000,6408
174353215400003,1743933600,6261
174353215400003,1743937200,6231
174353215400003,1743940800,6365
174353215400003,1743944400,6392
174353215400003,1743948000,6390
174353215400003,1743951600,6399
174353215400003,1743955200,6299
174353215400003,1743958800,6356
174353215400003,1743962400,6309
174353215400003,1743966000,6368
174353215400003,1743969600,6471
174353215400003,1743973200,6345
174353215400003,1743976800,6364
174353215400003,1743980400,6431
174353215400003,1743984000,6321
174353215400003,1743987600,6448
174353215400003,1743991200,6562
174353215400003,1743994800,6285
174353215400003,1743998400,6473
174353215400003,1744002000,6456
174353215400003,1744005600,6417
174353215400003,1744009200,6349
174353215400003,1744012800,6497
174353215400003,1744016400,6455
174353215400003,1744020000,6332
174353215400003,1744023600,6380
174353215400003,1744027200,6308
174353215400003,1744030800,6220
174353215400003,1744034400,6379
174353215400003,1744038000,6384
174353215400003,1744041600,6385
174353215400003,1744045200,6371
174353215400003,1744048800,6430
174353215400003,1744052400,6389
174353215400003,1744056000,6173
174353215400003,1744059600,6266
174353215400003,1744063200,6427
174353215400003,1744066800,6407
174353215400003,1744070400,6359
174353215400003,1744074000,6436
174353215400003,1744077600,6407
174353215400003,1744081200,6416
174353215400003,1744084800,6425
174353215400003,1744088400,6312
174353215400003,1744092000,6325
174353215400003,1744095600,6262
174353215400003,1744099200,6359
174353215400003,1744102800,6278
174353215400003,1744106400,6379
174353215400003,1744110000,6453
174353215400003,1744113600,6481
174353215400003,1744117200,6193
174353215400003,1744120800,6403
174353215400003,1744124400,6357
174353215400003,1744128000,6244
174353215400003,1744131600,6303
174353215400003,1744135200,6548
174353215400003,1744138800,6324
174353215400003,1744142400,6371
174353215400003,1744146000,6494
174353215400003,1744149600,6377
174353215400003,1744153200,6560
174353215400003,1744156800,6306
174353215400003,1744160400,6348
174353215400003,1744164000,6576
174353215400003,1744167600,6471
174353215400003,1744171200,6584
174353215400003,1744174800,6561
174353215400003,1744178400,6345
174353215400003,1744182000,6449
174353215400003,1744185600,6483
174353215400003,1744189200,6420
174353215400003,1744192800,6458
174353215400003,1744196400,6309
174353215400003,1744200000,6383
174353215400003,1744203600,6328
174353215400003,1744207200,6342
174353215400003,1744210800,6382
174353215400003,1744214400,6307
174353215400003,1744218000,6434
174353215400003,1744221600,6422
174353215400003,1744225200,6270
174353215400003,1744228800,6467
174353215400003,1744232400,6359
174353215400003,1744236000,6306
174353215400003,1744239600,6292
174353215400003,1744243200,6449
174353215400003,1744246800,6315
174353215400003,1744250400,6418
174353215400003,1744254000,6225
174353215400003,1744257600,6382
174353215400003,1744261200,6336
174353215400003,1744264800,6607
174353215400003,1744268400,6590
174353215400003,1744272000,6479
174353215400003,1744275600,6343
174353215400003,1744279200,6310
174353215400003,1744282800,6336
174353215400003,1744286400,6276
174353215400003,1744290000,6231
174353215400003,1744293600,6215
174353215400003,1744297200,6487
174353215400003,1744300800,6383
174353215400003,1744304400,6407
174353215400003,1744308000,6393
174353215400003,1744311600,6342
174353215400003,1744315200,6273
174353215400003,1744318800,6480
174353215400003,1744322400,6274
174353215400003,1744326000,6374
174353215400003,1744329600,6426
174353215400003,1744333200,6360
174353215400003,1744336800,6303
174353215400003,1744340400,6272
174353215400003,1744344000,6387
174353215400003,1744347600,6333
174353215400003,1744351200,6237
174353215400003,1744354800,6352
174353215400003,1744358400,6323
174353215400003,1744362000,6216
174353215400003,1744365600,6413
174353215400003,1744369200,6327
174353215400003,1744372800,6198
174353215400003,1744376400,6391
174353215400003,1744380000,6235
174353215400003,1744383600,6212
174353215400003,1744387200,6204
174353215400003,1744390800,6357
174353215400003,1744394400,6378
174353215400003,1744398000,6296
174353215400003,1744401600,6290
174353215400003,1744405200,6544
174353215400003,1744408800,6138
174353215400003,1744412400,6368
174353215400003,1744416000,6397
174353215400003,1744419600,6290
174353215400003,1744423200,6336
174353215400003,1744426800,6220
174353215400003,1744430400,6304
174353215400003,1744434000,6236
174353215400003,1744437600,6243
174353215400003,1744441200,6171
174353215400003,1744444800,6310
174353215400003,1744448400,6218
174353215400003,1744452000,6297
174353215400003,1744455600,6246
174353215400003,1744459200,6362
174353215400003,1744462800,6105
174353215400003,1744466400,6250
174353215400003,1744470000,6209
174353215400003,1744473600,6291
174353215400003,1744477200,6258
174353215400003,1744480800,6357
174353215400003,1744484400,6289
174353215400003,1744488000,6273
174353215400003,1744491600,6495
174353215400003,1744495200,6389
174353215400003,1744498800,6248
174353215400003,1744502400,6534
174353215400003,1744506000,6234
174353215400003,1744509600,6343
174353215400003,1744513200,6299
174353215400003,1744516800,6273
174353215400003,1744520400,6335
174353215400003,1744524000,6138
174353215400003,1744527600,6269
174353215400003,1744531200,6266
174353215400003,1744534800,6127
174353215400003,1744538400,6376
174353215400003,1744542000,6179
174353215400003,1744545600,6243
174353215400003,1744549200,6194
174353215400003,1744552800,6253
174353215400003,1744556400,6186
174353215400003,1744560000,6226
174353215400003,1744563600,6287
174353215400003,1744567200,6333
174353215400003,1744570800,6325
174353215400003,1744574400,6420
174353215400003,1744578000,6422
174353215400003,1744581600,6297
174353215400003,1744585200,6395
174353215400003,1744588800,6522
174353215400003,1744592400,6274
174353215400003,1744596000,6324
174353215400003,1744599600,6422
174353215400003,1744603200,6154
174353215400003,1744606800,6242
174353215400003,1744610400,6249
174353215400003,1744614000,6345
174353215400003,1744617600,6280
174353215400003,1744621200,6236
174353215400003,1744624800,6352
174353215400003,1744628400,6242
174353215400003,1744632000,6233
174353215400003,1744635600,6412
174353215400003,1744639200,6314
174353215400003,1744642800,6231
174353215400003,1744646400,6367
174353215400003,1744650000,6229
174353215400003,1744653600,6288
174353215400003,1744657200,6375
174353215400003,1744660800,6364
174353215400003,1744664400,6402
174353215400003,1744668000,6204
174353215400003,1744671600,6258
174353215400003,1744675200,6374
174353215400003,1744678800,6238
174353215400003,1744682400,6251
174353215400003,1744686000,6104
174353215400003,1744689600,6219
174353215400003,1744693200,6279
174353215400003,1744696800,6324
174353215400003,1744700400,6138
174353215400003,1744704000,6361
174353215400003,1744707600,6294
174353215400003,1744711200,6385
174353215400003,1744714800,6380
174353215400003,1744718400,6217
174353215400003,1744722000,6167
174353215400003,1744725600,6265
174353215400003,1744729200,6376
174353215400003,1744732800,6327
174353215400003,1744736400,6164
174353215400003,1744740000,6300
174353215400003,1744743600,6374
174353215400003,1744747200,6272
174353215400003,1744750800,6352
174353215400003,1744754400,6239
174353215400003,1744758000,6270
174353215400003,1744761600,6304
174353215400003,1744765200,6234
174353215400003,1744768800,6356
174353215400003,1744772400,6220
174353215400003,1744776000,6329
174353215400003,1744779600,6463
174353215400003,1744783200,6365
174353215400003,1744786800,6108
174353215400003,1744790400,6297
174353215400003,1744794000,6271
174353215400003,1744797600,6394
174353215400003,1744801200,6334
174353215400003,1744804800,6234
174353215400003,1744808400,6327
174353215400003,1744812000,6290
174353215400003,1744815600,6205
174353215400003,1744819200,6283
174353215400003,1744822800,6357
174353215400003,1744826400,6372
174353215400003,1744830000,6276
174353215400003,1744833600,6336
174353215400003,1744837200,6367
174353215400003,1744840800,6357
174353215400003,1744844400,6278
174353215400003,1744848000,6228
174353215400003,1744851600,6210
174353215400003,1744855200,6334
174353215400003,1744858800,6338
174353215400003,1744862400,6235
174353215400003,1744866000,6241
174353215400003,1744869600,6239
174353215400003,1744873200,6098
174353215400003,1744876800,6296
174353215400003,1744880400,6194
174353215400003,1744884000,6317
174353215400003,1744887600,6297
174353215400003,1744891200,6267
174353215400003,1744894800,6337
174353215400003,1744898400,6233
174353215400003,1744902000,6182
174353215400003,1744905600,6421
174353215400003,1744909200,6464
174353215400003,1744912800,6246
174353215400003,1744916400,6221
174353215400003,1744920000,6344
174353215400003,1744923600,6297
174353215400003,1744927200,6420
174353215400003,1744930800,6321
174353215400003,1744934400,6320
174353215400003,1744938000,6351
174353215400003,1744941600,6252
174353215400003,1744945200,6387
174353215400003,1744948800,6273
174353215400003,1744952400,6397
174353215400003,1744956000,6258
174353215400003,1744959600,6369
174353215400003,1744963200,6324
174353215400003,1744966800,6240
174353215400003,1744970400,6266
174353215400003,1744974000,6149
174353215400003,1744977600,6289
174353215400003,1744981200,6352
174353215400003,1744984800,6177
174353215400003,1744988400,6307
174353215400003,1744992000,6418
174353215400003,1744995600,6445
174353215400003,1744999200,6373
174353215400003,1745002800,6468
174353215400003,1745006400,6391
174353215400003,1745010000,6357
174353215400003,1745013600,6293
174353215400003,1745017200,6255
174353215400003,1745020800,6442
174353215400003,1745024400,6315
174353215400003,1745028000,6245
174353215400003,1745031600,6466
174353215400003,1745035200,6222
174353215400003,1745038800,6254
174353215400003,1745042400,6215
174353215400003,1745046000,6206
174353215400003,1745049600,6351
174353215400003,1745053200,6315
174353215400003,1745056800,6282
174353215400003,1745060400,6420
174353215400003,1745064000,6232
174353215400003,1745067600,6367
174353215400003,1745071200,6388
174353215400003,1745074800,6274
174353215400003,1745078400,6254
174353215400003,1745082000,6258
174353215400003,1745085600,6324
174353215400003,1745089200,6269
174353215400003,1745092800,6132
174353215400003,1745096400,6373
174353215400003,1745100000,6222
174353215400003,1745103600,6399
174353215400003,1745107200,6355
174353215400003,1745110800,6326
174353215400003,1745114400,6417
174353215400003,1745118000,6362
174353215400003,1745121600,6207
174353215400003,1745125200,6319
174353215400003,1745128800,6248
174353215400003,1745132400,6380
174353215400003,1745136000,6283
174353215400003,1745139600,6286
174353215400003,1745143200,6200
174353215400003,1745146800,6451
174353215400003,1745150400,6359
174353215400003,1745154000,6158
174353215400003,1745157600,6413
174353215400003,1745161200,6303
174353215400003,1745164800,6375
174353215400003,1745168400,6476
174353215400003,1745172000,6364
174353215400003,1745175600,6264
174353215400003,1745179200,6449
174353215400003,1745182800,6387
174353215400003,1745186400,6427
174353215400003,1745190000,6357
174353215400003,1745193600,6336
174353215400003,1745197200,6503
174353215400003,1745200800,6303
174353215400003,1745204400,6322
174353215400003,1745208000,6337
174353215400003,1745211600,6331
174353215400003,1745215200,6346
174353215400003,1745218800,6363
174353215400003,1745222400,6353
174353215400003,1745226000,6320
174353215400003,1745229600,6512
174353215400003,1745233200,6365
174353215400003,1745236800,6128
174353215400003,1745240400,6299
174353215400003,1745244000,6365
174353215400003,1745247600,6258
174353215400003,1745251200,6492
174353215400003,1745254800,6369
174353215400003,1745258400,6424
174353215400003,1745262000,6357
174353215400003,1745265600,6457
174353215400003,1745269200,6249
174353215400003,1745272800,6363
174353215400003,1745276400,6261
174353215400003,1745280000,6483
174353215400003,1745283600,6401
174353215400003,1745287200,6367
174353215400003,1745290800,6411
174353215400003,1745294400,6431
174353215400003,1745298000,6387
174353215400003,1745301600,6342
174353215400003,1745305200,6286
174353215400003,1745308800,6260
174353215400003,1745312400,6476
174353215400003,1745316000,6276
174353215400003,1745319600,6408
174353215400003,1745323200,6263
174353215400003,1745326800,6388
174353215400003,1745330400,6356
174353215400003,1745334000,6249
174353215400003,1745337600,6296
174353215400003,1745341200,6290
174353215400003,1745344800,6318
174353215400003,1745348400,6541
174353215400003,1745352000,6313
174353215400003,1745355600,6321
174353215400003,1745359200,6495
174353215400003,1745362800,6421
174353215400003,1745366400,6410
174353215400003,1745370000,6289
174353215400003,1745373600,6286
174353215400003,1745377200,6436
174353215400003,1745380800,6419
174353215400003,1745384400,6351
174353215400003,1745388000,6581
174353215400003,1745391600,6364
174353215400003,1745395200,6311
174353215400003,1745398800,6374
174353215400003,1745402400,6222
174353215400003,1745406000,6312
174353215400003,1745409600,6439
174353215400003,1745413200,6258
174353215400003,1745416800,6414
174353215400003,1745420400,6209
174353215400003,1745424000,6181
174353215400003,1745427600,6332
174353215400003,1745431200,6413
174353215400003,1745434800,6318
174353215400003,1745438400,6431
174353215400003,1745442000,6239
174353215400003,1745445600,6363
174353215400003,1745449200,6217
174353215400003,1745452800,6258
174353215400003,1745456400,6378
174353215400003,1745460000,6230
174353215400003,1745463600,6268
174353215400003,1745467200,6280
174353215400003,1745470800,6285
174353215400003,1745474400,6314
174353215400003,1745478000,6284
174353215400003,1745481600,6343
174353215400003,1745485200,6286
174353215400003,1745488800,6224
174353215400003,1745492400,6333
174353215400003,1745496000,6158
174353215400003,1745499600,6185
174353215400003,1745503200,6254
174353215400003,1745506800,6315
174353215400003,1745510400,6327
174353215400003,1745514000,6218
174353215400003,1745517600,6386
174353215400003,1745521200,6300
174353215400003,1745524800,6315
174353215400003,1745528400,6519
174353215400003,1745532000,6294
174353215400003,1745535600,6374
174353215400003,1745539200,6425
174353215400003,1745542800,6407
174353215400003,1745546400,6462
174353215400003,1745550000,6364
174353215400003,1745553600,6495
174353215400003,1745557200,6324
174353215400003,1745560800,6283
174353215400003,1745564400,6403
174353215400003,1745568000,6410
174353215400003,1745571600,6518
174353215400003,1745575200,6437
174353215400003,1745578800,6274
174353215400003,1745582400,6350
174353215400003,1745586000,6339
174353215400003,1745589600,6370
174353215400003,1745593200,6448
174353215400003,1745596800,6293
174353215400003,1745600400,6476
174353215400003,1745604000,6384
174353215400003,1745607600,6432
174353215400003,1745611200,6363
174353215400003,1745614800,6171
174353215400003,1745618400,6411
174353215400003,1745622000,6401
174353215400003,1745625600,6413
174353215400003,1745629200,6378
174353215400003,1745632800,6321
174353215400003,1745636400,6355
174353215400003,1745640000,6352
174353215400003,1745643600,6273
174353215400003,1745647200,6436
174353215400003,1745650800,6232
174353215400003,1745654400,6465
174353215400003,1745658000,6428
174353215400003,1745661600,6464
174353215400003,1745665200,6299
174353215400003,1745668800,6439
174353215400003,1745672400,6463
174353215400003,1745676000,6273
174353215400003,1745679600,6320
174353215400003,1745683200,6284
174353215400003,1745686800,6395
174353215400003,1745690400,6551
174353215400003,1745694000,6235
174353215400003,1745697600,6312
174353215400003,1745701200,6359
174353215400003,1745704800,6407
174353215400003,1745708400,6273
174353215400003,1745712000,6253
174353215400003,1745715600,6316
174353215400003,1745719200,6289
174353215400003,1745722800,6312
174353215400003,1745726400,6271
174353215400003,1745730000,6285
174353215400003,1745733600,6482
174353215400003,1745737200,6440
174353215400003,1745740800,6234
174353215400003,1745744400,6350
174353215400003,1745748000,6386
174353215400003,1745751600,6258
174353215400003,1745755200,6453
174353215400003,1745758800,6262
174353215400003,1745762400,6281
174353215400003,1745766000,6448
174353215400003,1745769600,6397
174353215400003,1745773200,6274
174353215400003,1745776800,6246
174353215400003,1745780400,6295
174353215400003,1745784000,6359
174353215400003,1745787600,6287
174353215400003,1745791200,6177
174353215400003,1745794800,6326
174353215400003,1745798400,6322
174353215400003,1745802000,6458
174353215400003,1745805600,6409
174353215400003,1745809200,6244
174353215400003,1745812800,6289
174353215400003,1745816400,6536
174353215400003,1745820000,6187
174353215400003,1745823600,6327
174353215400003,1745827200,6305
174353215400003,1745830800,6315
174353215400003,1745834400,6437
174353215400003,1745838000,6337
174353215400003,1745841600,6279
174353215400003,1745845200,6313
174353215400003,1745848800,6124
174353215400003,1745852400,6519
174353215400003,1745856000,6246
174353215400003,1745859600,6411
174353215400003,1745863200,6463
174353215400003,1745866800,6214
174353215400003,1745870400,6413
174353215400003,1745874000,6235
174353215400003,1745877600,6262
174353215400003,1745881200,6254
174353215400003,1745884800,6322
174353215400003,1745888400,6305
174353215400003,1745892000,6371
174353215400003,1745895600,6258
174353215400003,1745899200,6353
174353215400003,1745902800,6338
174353215400003,1745906400,6193
174353215400003,1745910000,6553
174353215400003,1745913600,6335
174353215400003,1745917200,6497
174353215400003,1745920800,6349
174353215400003,1745924400,6232
174353215400003,1745928000,6220
174353215400003,1745931600,6362
174353215400003,1745935200,6302
174353215400003,1745938800,6307
174353215400003,1745942400,6287
174353215400003,1745946000,6349
174353215400003,1745949600,6395
174353215400003,1745953200,9826
174353215400003,1745956800,6287
174353215400003,1745960400,6492
174353215400003,1745964000,6235
174353215400003,1745967600,6505
174353215400003,1745971200,6417
174353215400003,1745974800,6249
174353215400003,1745978400,6439
174353215400003,1745982000,6335
174353215400003,1745985600,6538
174353215400003,1745989200,6370
174353215400003,1745992800,6249
174353215400003,1745996400,6438
174353215400003,1746000000,6313
174353215400003,1746003600,6392
174353215400003,1746007200,6377
174353215400003,1746010800,6237
174353215400003,1746014400,6376
174353215400003,1746018000,6391
174353215400003,1746021600,6434
174353215400003,1746025200,6503
174353215400003,1746028800,6387
174353215400003,1746032400,6335
174353215400003,1746036000,6296
174353215400003,1746039600,6352
174353215400003,1746043200,6454
174353215400003,1746046800,6493
174353215400003,1746050400,6348
174353215400003,1746054000,6341
174353215400003,1746057600,6367
174353215400003,1746061200,6425
174353215400003,1746064800,6384
174353215400003,1746068400,6378
174353215400003,1746072000,6387
174353215400003,1746075600,6449
174353215400003,1746079200,6418
174353215400003,1746082800,6399
174353215400003,1746086400,6548
174353215400003,1746090000,6330
174353215400003,1746093600,6451
174353215400003,1746097200,6403
174353215400003,1746100800,6415
174353215400003,1746104400,6435
174353215400003,1746108000,6430
174353215400003,1746111600,6396
174353215400003,1746115200,6247
174353215400003,1746118800,6387
174353215400003,1746122400,3031
174353215400003,1746126000,6324
174353215400003,1746129600,6472
174353215400003,1746133200,6467
174353215400003,1746136800,6334
174353215400003,1746140400,6480
174353215400003,1746144000,6447
174353215400003,1746147600,6296
174353215400003,1746151200,6383
174353215400003,1746154800,6414
174353215400003,1746158400,6173
174353215400003,1746162000,5803
174353215400003,1746165600,5701
174353215400003,1746169200,5776
174353215400003,1746172800,4163
174353215500006,1743591600,3121
174353215500006,1743595200,3084
174353215500006,1743598800,3145
174353215500006,1743602400,3120
174353215500006,1743606000,3097
174353215500006,1743609600,3129
174353215500006,1743613200,3109
174353215500006,1743616800,3109
174353215500006,1743620400,3103
174353215500006,1743624000,3121
174353215500006,1743627600,3107
174353215500006,1743631200,3125
174353215500006,1743634800,3246
174353215500006,1743638400,3657
174353215500006,1743642000,3556
174353215500006,1743645600,3562
174353215500006,1743649200,3536
174353215500006,1743652800,3617
174353215500006,1743656400,3592
174353215500006,1743660000,3510
174353215500006,1743663600,3488
174353215500006,1743667200,3439
174353215500006,1743670800,3236
174353215500006,1743674400,3174
174353215500006,1743678000,3005
174353215500006,1743681600,2928
174353215500006,1743685200,2975
174353215500006,1743688800,2973
174353215500006,1743692400,2944
174353215500006,1743696000,2959
174353215500006,1743699600,2965
174353215500006,1743703200,2949
174353215500006,1743706800,2927
174353215500006,1743710400,2892
174353215500006,1743714000,2912
174353215500006,1743717600,2884
174353215500006,1743721200,2995
174353215500006,1743724800,3599
174353215500006,1743728400,3632
174353215500006,1743732000,3737
174353215500006,1743735600,3601
174353215500006,1743739200,3894
174353215500006,1743742800,3746
174353215500006,1743746400,3724
174353215500006,1743750000,3754
174353215500006,1743753600,3323
174353215500006,1743757200,3226
174353215500006,1743760800,3203
174353215500006,1743764400,2925
174353215500006,1743768000,2961
174353215500006,1743771600,2916
174353215500006,1743775200,2923
174353215500006,1743778800,2910
174353215500006,1743782400,2882
174353215500006,1743786000,2877
174353215500006,1743789600,2938
174353215500006,1743793200,2850
174353215500006,1743796800,2882
174353215500006,1743800400,2930
174353215500006,1743804000,2878
174353215500006,1743807600,2914
174353215500006,1743811200,2932
174353215500006,1743814800,2907
174353215500006,1743818400,2916
174353215500006,1743822000,2926
174353215500006,1743825600,2890
174353215500006,1743829200,2957
174353215500006,1743832800,2874
174353215500006,1743836400,2937
174353215500006,1743840000,2896
174353215500006,1743843600,2970
174353215500006,1743847200,2964
174353215500006,1743850800,2894
174353215500006,1743854400,2906
174353215500006,1743858000,2912
174353215500006,1743861600,2866
174353215500006,1743865200,2919
174353215500006,1743868800,2863
174353215500006,1743872400,2898
174353215500006,1743876000,2908
174353215500006,1743879600,2869
174353215500006,1743883200,2920
174353215500006,1743886800,2908
174353215500006,1743890400,2896
174353215500006,1743894000,2895
174353215500006,1743897600,2925
174353215500006,1743901200,2957
174353215500006,1743904800,2894
174353215500006,1743908400,2902
174353215500006,1743912000,2961
174353215500006,1743915600,2909
174353215500006,1743919200,2961
174353215500006,1743922800,2940
174353215500006,1743926400,2900
174353215500006,1743930000,2908
174353215500006,1743933600,2905
174353215500006,1743937200,2898
174353215500006,1743940800,2909
174353215500006,1743944400,2885
174353215500006,1743948000,2900
174353215500006,1743951600,2904
174353215500006,1743955200,2884
174353215500006,1743958800,2952
174353215500006,1743962400,2858
174353215500006,1743966000,2881
174353215500006,1743969600,2946
174353215500006,1743973200,2872
174353215500006,1743976800,2879
174353215500006,1743980400,3184
174353215500006,1743984000,3825
174353215500006,1743987600,3782
174353215500006,1743991200,3970
174353215500006,1743994800,3933
174353215500006,1743998400,3805
174353215500006,1744002000,3693
174353215500006,1744005600,3873
174353215500006,1744009200,3719
174353215500006,1744012800,3859
174353215500006,1744016400,3805
174353215500006,1744020000,3385
174353215500006,1744023600,3142
174353215500006,1744027200,3082
174353215500006,1744030800,3166
174353215500006,1744034400,3140
174353215500006,1744038000,3083
174353215500006,1744041600,3117
174353215500006,1744045200,3058
174353215500006,1744048800,3083
174353215500006,1744052400,3098
174353215500006,1744056000,3104
174353215500006,1744059600,3079
174353215500006,1744063200,3080
174353215500006,1744066800,3231
174353215500006,1744070400,3511
174353215500006,1744074000,3447
174353215500006,1744077600,3501
174353215500006,1744081200,3422
174353215500006,1744084800,3517
174353215500006,1744088400,3363
174353215500006,1744092000,3450
174353215500006,1744095600,3396
174353215500006,1744099200,3283
174353215500006,1744102800,3273
174353215500006,1744106400,3308
174353215500006,1744110000,3005
174353215500006,1744113600,3063
174353215500006,1744117200,3057
174353215500006,1744120800,3007
174353215500006,1744124400,3034
174353215500006,1744128000,3026
174353215500006,1744131600,3095
174353215500006,1744135200,3062
174353215500006,1744138800,3006
174353215500006,1744142400,3080
174353215500006,1744146000,3037
174353215500006,1744149600,3020
174353215500006,1744153200,3239
174353215500006,1744156800,3636
174353215500006,1744160400,3729
174353215500006,1744164000,3852
174353215500006,1744167600,3882
174353215500006,1744171200,3904
174353215500006,1744174800,3714
174353215500006,1744178400,3772
174353215500006,1744182000,3791
174353215500006,1744185600,3846
174353215500006,1744189200,3401
174353215500006,1744192800,3296
174353215500006,1744196400,3072
174353215500006,1744200000,2979
174353215500006,1744203600,3008
174353215500006,1744207200,3003
174353215500006,1744210800,2980
174353215500006,1744214400,3006
174353215500006,1744218000,2985
174353215500006,1744221600,3014
174353215500006,1744225200,2981
174353215500006,1744228800,2994
174353215500006,1744232400,3042
174353215500006,1744236000,2956
174353215500006,1744239600,3089
174353215500006,1744243200,3550
174353215500006,1744246800,3471
174353215500006,1744250400,3447
174353215500006,1744254000,3463
174353215500006,1744257600,3483
174353215500006,1744261200,3461
174353215500006,1744264800,3531
174353215500006,1744268400,3505
174353215500006,1744272000,3414
174353215500006,1744275600,3295
174353215500006,1744279200,3245
174353215500006,1744282800,3016
174353215500006,1744286400,3008
174353215500006,1744290000,3019
174353215500006,1744293600,3012
174353215500006,1744297200,2984
174353215500006,1744300800,3004
174353215500006,1744304400,2990
174353215500006,1744308000,3010
174353215500006,1744311600,3032
174353215500006,1744315200,3010
174353215500006,1744318800,3001
174353215500006,1744322400,3009
174353215500006,1744326000,3170
174353215500006,1744329600,3576
174353215500006,1744333200,3760
174353215500006,1744336800,3816
174353215500006,1744340400,3769
174353215500006,1744344000,3496
174353215500006,1744347600,3528
174353215500006,1744351200,3439
174353215500006,1744354800,3488
174353215500006,1744358400,3440
174353215500006,1744362000,3247
174353215500006,1744365600,3136
174353215500006,1744369200,2961
174353215500006,1744372800,2931
174353215500006,1744376400,2923
174353215500006,1744380000,2959
174353215500006,1744383600,2934
174353215500006,1744387200,2916
174353215500006,1744390800,2935
174353215500006,1744394400,2952
174353215500006,1744398000,2895
174353215500006,1744401600,2873
174353215500006,1744405200,2928
174353215500006,1744408800,2995
174353215500006,1744412400,3000
174353215500006,1744416000,3039
174353215500006,1744419600,3030
174353215500006,1744423200,3039
174353215500006,1744426800,2999
174353215500006,1744430400,3060
174353215500006,1744434000,2992
174353215500006,1744437600,3108
174353215500006,1744441200,3038
174353215500006,1744444800,3022
174353215500006,1744448400,3000
174353215500006,1744452000,3103
174353215500006,1744455600,2981
174353215500006,1744459200,2968
174353215500006,1744462800,3017
174353215500006,1744466400,3020
174353215500006,1744470000,2993
174353215500006,1744473600,3025
174353215500006,1744477200,3002
174353215500006,1744480800,2994
174353215500006,1744484400,3038
174353215500006,1744488000,2977
174353215500006,1744491600,2982
174353215500006,1744495200,3013
174353215500006,1744498800,3001
174353215500006,1744502400,2967
174353215500006,1744506000,3027
174353215500006,1744509600,3000
174353215500006,1744513200,3039
174353215500006,1744516800,3061
174353215500006,1744520400,3013
174353215500006,1744524000,3019
174353215500006,1744527600,3059
174353215500006,1744531200,2976
174353215500006,1744534800,3024
174353215500006,1744538400,3019
174353215500006,1744542000,2999
174353215500006,1744545600,2964
174353215500006,1744549200,3038
174353215500006,1744552800,2986
174353215500006,1744556400,2994
174353215500006,1744560000,3012
174353215500006,1744563600,3029
174353215500006,1744567200,3001
174353215500006,1744570800,3001
174353215500006,1744574400,3001
174353215500006,1744578000,2997
174353215500006,1744581600,3045
174353215500006,1744585200,3267
174353215500006,1744588800,3974
174353215500006,1744592400,4070
174353215500006,1744596000,4038
174353215500006,1744599600,3831
174353215500006,1744603200,3774
174353215500006,1744606800,3807
174353215500006,1744610400,3952
174353215500006,1744614000,3905
174353215500006,1744617600,3972
174353215500006,1744621200,3655
174353215500006,1744624800,3544
174353215500006,1744628400,3290
174353215500006,1744632000,3187
174353215500006,1744635600,3203
174353215500006,1744639200,3219
174353215500006,1744642800,3142
174353215500006,1744646400,3233
174353215500006,1744650000,3208
174353215500006,1744653600,3248
174353215500006,1744657200,3260
174353215500006,1744660800,3203
174353215500006,1744664400,3164
174353215500006,1744668000,3237
174353215500006,1744671600,3275
174353215500006,1744675200,3536
174353215500006,1744678800,3489
174353215500006,1744682400,3437
174353215500006,1744686000,3533
174353215500006,1744689600,3447
174353215500006,1744693200,3381
174353215500006,1744696800,3453
174353215500006,1744700400,3414
174353215500006,1744704000,3348
174353215500006,1744707600,3458
174353215500006,1744711200,3381
174353215500006,1744714800,3194
174353215500006,1744718400,3187
174353215500006,1744722000,3212
174353215500006,1744725600,3173
174353215500006,1744729200,3148
174353215500006,1744732800,3223
174353215500006,1744736400,3178
174353215500006,1744740000,3132
174353215500006,1744743600,3206
174353215500006,1744747200,3190
174353215500006,1744750800,3134
174353215500006,1744754400,3177
174353215500006,1744758000,3352
174353215500006,1744761600,4063
174353215500006,1744765200,4024
174353215500006,1744768800,3881
174353215500006,1744772400,3606
174353215500006,1744776000,3659
174353215500006,1744779600,3627
174353215500006,1744783200,3656
174353215500006,1744786800,3490
174353215500006,1744790400,3790
174353215500006,1744794000,3437
174353215500006,1744797600,3373
174353215500006,1744801200,3129
174353215500006,1744804800,3028
174353215500006,1744808400,3112
174353215500006,1744812000,3082
174353215500006,1744815600,3067
174353215500006,1744819200,3043
174353215500006,1744822800,3098
174353215500006,1744826400,3057
174353215500006,1744830000,3050
174353215500006,1744833600,3084
174353215500006,1744837200,3082
174353215500006,1744840800,3054
174353215500006,1744844400,3180
174353215500006,1744848000,3522
174353215500006,1744851600,3728
174353215500006,1744855200,3653
174353215500006,1744858800,3782
174353215500006,1744862400,3832
174353215500006,1744866000,3693
174353215500006,1744869600,3775
174353215500006,1744873200,3807
174353215500006,1744876800,3824
174353215500006,1744880400,3807
174353215500006,1744884000,3749
174353215500006,1744887600,3490
174353215500006,1744891200,3488
174353215500006,1744894800,3568
174353215500006,1744898400,3526
174353215500006,1744902000,3391
174353215500006,1744905600,3145
174353215500006,1744909200,3265
174353215500006,1744912800,3328
174353215500006,1744916400,3458
174353215500006,1744920000,3185
174353215500006,1744923600,3165
174353215500006,1744927200,3187
174353215500006,1744930800,3354
174353215500006,1744934400,4047
174353215500006,1744938000,4326
174353215500006,1744941600,4233
174353215500006,1744945200,3750
174353215500006,1744948800,3820
174353215500006,1744952400,4296
174353215500006,1744956000,4056
174353215500006,1744959600,4149
174353215500006,1744963200,3509
174353215500006,1744966800,3333
174353215500006,1744970400,3357
174353215500006,1744974000,3292
174353215500006,1744977600,3091
174353215500006,1744981200,3166
174353215500006,1744984800,3123
174353215500006,1744988400,3092
174353215500006,1744992000,3082
174353215500006,1744995600,3049
174353215500006,1744999200,3076
174353215500006,1745002800,3071
174353215500006,1745006400,3036
174353215500006,1745010000,3136
174353215500006,1745013600,3113
174353215500006,1745017200,3109
174353215500006,1745020800,3123
174353215500006,1745024400,3175
174353215500006,1745028000,3177
174353215500006,1745031600,3190
174353215500006,1745035200,3123
174353215500006,1745038800,3055
174353215500006,1745042400,3097
174353215500006,1745046000,3206
174353215500006,1745049600,3098
174353215500006,1745053200,3147
174353215500006,1745056800,3180
174353215500006,1745060400,3177
174353215500006,1745064000,3110
174353215500006,1745067600,3185
174353215500006,1745071200,3123
174353215500006,1745074800,3149
174353215500006,1745078400,3161
174353215500006,1745082000,3041
174353215500006,1745085600,3188
174353215500006,1745089200,3128
174353215500006,1745092800,3004
174353215500006,1745096400,2997
174353215500006,1745100000,3044
174353215500006,1745103600,3136
174353215500006,1745107200,3184
174353215500006,1745110800,3090
174353215500006,1745114400,3159
174353215500006,1745118000,3025
174353215500006,1745121600,3268
174353215500006,1745125200,3161
174353215500006,1745128800,3137
174353215500006,1745132400,3202
174353215500006,1745136000,3160
174353215500006,1745139600,3140
174353215500006,1745143200,3285
174353215500006,1745146800,3091
174353215500006,1745150400,3136
174353215500006,1745154000,3033
174353215500006,1745157600,3110
174353215500006,1745161200,3063
174353215500006,1745164800,3054
174353215500006,1745168400,3074
174353215500006,1745172000,3043
174353215500006,1745175600,3059
174353215500006,1745179200,3041
174353215500006,1745182800,3033
174353215500006,1745186400,3060
174353215500006,1745190000,3157
174353215500006,1745193600,3855
174353215500006,1745197200,3892
174353215500006,1745200800,3925
174353215500006,1745204400,3880
174353215500006,1745208000,3956
174353215500006,1745211600,4292
174353215500006,1745215200,4144
174353215500006,1745218800,4007
174353215500006,1745222400,4168
174353215500006,1745226000,3969
174353215500006,1745229600,3484
174353215500006,1745233200,3259
174353215500006,1745236800,3210
174353215500006,1745240400,3169
174353215500006,1745244000,3249
174353215500006,1745247600,3229
174353215500006,1745251200,3186
174353215500006,1745254800,3228
174353215500006,1745258400,3240
174353215500006,1745262000,3196
174353215500006,1745265600,3250
174353215500006,1745269200,3201
174353215500006,1745272800,3194
174353215500006,1745276400,3305
174353215500006,1745280000,3574
174353215500006,1745283600,3522
174353215500006,1745287200,3396
174353215500006,1745290800,3451
174353215500006,1745294400,3599
174353215500006,1745298000,3408
174353215500006,1745301600,3497
174353215500006,1745305200,3419
174353215500006,1745308800,3403
174353215500006,1745312400,3245
174353215500006,1745316000,3346
174353215500006,1745319600,3057
174353215500006,1745323200,3118
174353215500006,1745326800,3067
174353215500006,1745330400,3059
174353215500006,1745334000,3085
174353215500006,1745337600,3045
174353215500006,1745341200,3075
174353215500006,1745344800,3067
174353215500006,1745348400,3100
174353215500006,1745352000,3074
174353215500006,1745355600,3056
174353215500006,1745359200,3098
174353215500006,1745362800,3190
174353215500006,1745366400,3836
174353215500006,1745370000,3731
174353215500006,1745373600,3645
174353215500006,1745377200,3641
174353215500006,1745380800,3603
174353215500006,1745384400,3919
174353215500006,1745388000,3725
174353215500006,1745391600,3481
174353215500006,1745395200,3402
174353215500006,1745398800,3390
174353215500006,1745402400,3377
174353215500006,1745406000,3057
174353215500006,1745409600,3074
174353215500006,1745413200,3060
174353215500006,1745416800,3056
174353215500006,1745420400,3056
174353215500006,1745424000,3034
174353215500006,1745427600,3016
174353215500006,1745431200,3014
174353215500006,1745434800,3053
174353215500006,1745438400,3032
174353215500006,1745442000,3011
174353215500006,1745445600,3062
174353215500006,1745449200,3153
174353215500006,1745452800,3605
174353215500006,1745456400,3606
174353215500006,1745460000,3591
174353215500006,1745463600,3493
174353215500006,1745467200,3803
174353215500006,1745470800,4280
174353215500006,1745474400,3735
174353215500006,1745478000,3529
174353215500006,1745481600,3978
174353215500006,1745485200,3547
174353215500006,1745488800,3281
174353215500006,1745492400,3077
174353215500006,1745496000,3106
174353215500006,1745499600,3052
174353215500006,1745503200,3086
174353215500006,1745506800,3020
174353215500006,1745510400,3063
174353215500006,1745514000,3099
174353215500006,1745517600,3013
174353215500006,1745521200,3093
174353215500006,1745524800,3035
174353215500006,1745528400,3064
174353215500006,1745532000,3097
174353215500006,1745535600,3262
174353215500006,1745539200,3698
174353215500006,1745542800,4113
174353215500006,1745546400,4171
174353215500006,1745550000,3822
174353215500006,1745553600,3707
174353215500006,1745557200,3640
174353215500006,1745560800,3521
174353215500006,1745564400,3549
174353215500006,1745568000,3492
174353215500006,1745571600,3392
174353215500006,1745575200,3297
174353215500006,1745578800,3084
174353215500006,1745582400,3020
174353215500006,1745586000,3038
174353215500006,1745589600,3066
174353215500006,1745593200,3034
174353215500006,1745596800,3036
174353215500006,1745600400,3009
174353215500006,1745604000,3072
174353215500006,1745607600,3022
174353215500006,1745611200,3042
174353215500006,1745614800,3067
174353215500006,1745618400,3030
174353215500006,1745622000,3029
174353215500006,1745625600,3121
174353215500006,1745629200,3050
174353215500006,1745632800,3056
174353215500006,1745636400,3039
174353215500006,1745640000,3132
174353215500006,1745643600,3028
174353215500006,1745647200,3123
174353215500006,1745650800,3080
174353215500006,1745654400,3044
174353215500006,1745658000,3060
174353215500006,1745661600,3091
174353215500006,1745665200,3021
174353215500006,1745668800,3095
174353215500006,1745672400,3027
174353215500006,1745676000,3019
174353215500006,1745679600,3048
174353215500006,1745683200,3067
174353215500006,1745686800,3040
174353215500006,1745690400,3028
174353215500006,1745694000,3060
174353215500006,1745697600,3065
174353215500006,1745701200,3049
174353215500006,1745704800,3030
174353215500006,1745708400,3050
174353215500006,1745712000,3065
174353215500006,1745715600,3010
174353215500006,1745719200,3070
174353215500006,1745722800,3103
174353215500006,1745726400,3038
174353215500006,1745730000,3065
174353215500006,1745733600,3049
174353215500006,1745737200,3003
174353215500006,1745740800,3083
174353215500006,1745744400,3088
174353215500006,1745748000,3094
174353215500006,1745751600,3013
174353215500006,1745755200,3068
174353215500006,1745758800,3070
174353215500006,1745762400,3044
174353215500006,1745766000,3037
174353215500006,1745769600,3040
174353215500006,1745773200,3087
174353215500006,1745776800,3063
174353215500006,1745780400,3044
174353215500006,1745784000,3059
174353215500006,1745787600,3055
174353215500006,1745791200,3047
174353215500006,1745794800,3260
174353215500006,1745798400,3879
174353215500006,1745802000,3779
174353215500006,1745805600,3664
174353215500006,1745809200,3802
174353215500006,1745812800,3769
174353215500006,1745816400,3631
174353215500006,1745820000,3962
174353215500006,1745823600,4401
174353215500006,1745827200,4184
174353215500006,1745830800,4135
174353215500006,1745834400,3975
174353215500006,1745838000,3716
174353215500006,1745841600,3704
174353215500006,1745845200,3686
174353215500006,1745848800,3673
174353215500006,1745852400,3653
174353215500006,1745856000,3612
174353215500006,1745859600,3654
174353215500006,1745863200,3647
174353215500006,1745866800,3625
174353215500006,1745870400,3620
174353215500006,1745874000,3647
174353215500006,1745877600,3648
174353215500006,1745881200,3646
174353215500006,1745884800,3848
174353215500006,1745888400,3774
174353215500006,1745892000,3792
174353215500006,1745895600,3844
174353215500006,1745899200,3825
174353215500006,1745902800,3777
174353215500006,1745906400,3811
174353215500006,1745910000,3849
174353215500006,1745913600,3770
174353215500006,1745917200,3845
174353215500006,1745920800,3884
174353215500006,1745924400,3696
174353215500006,1745928000,3685
174353215500006,1745931600,3693
174353215500006,1745935200,3694
174353215500006,1745938800,3686
174353215500006,1745942400,3700
174353215500006,1745946000,3675
174353215500006,1745949600,3702
174353215500006,1745953200,5680
174353215500006,1745956800,3732
174353215500006,1745960400,3689
174353215500006,1745964000,3706
174353215500006,1745967600,3991
174353215500006,1745971200,4325
174353215500006,1745974800,4301
174353215500006,1745978400,4326
174353215500006,1745982000,4618
174353215500006,1745985600,4450
174353215500006,1745989200,4532
174353215500006,1745992800,4300
174353215500006,1745996400,4245
174353215500006,1746000000,4493
174353215500006,1746003600,4081
174353215500006,1746007200,3794
174353215500006,1746010800,3595
174353215500006,1746014400,3612
174353215500006,1746018000,3558
174353215500006,1746021600,3658
174353215500006,1746025200,3591
174353215500006,1746028800,3565
174353215500006,1746032400,3593
174353215500006,1746036000,3621
174353215500006,1746039600,3539
174353215500006,1746043200,3599
174353215500006,1746046800,3609
174353215500006,1746050400,3570
174353215500006,1746054000,3620
174353215500006,1746057600,3937
174353215500006,1746061200,3909
174353215500006,1746064800,3921
174353215500006,1746068400,3900
174353215500006,1746072000,3918
174353215500006,1746075600,4153
174353215500006,1746079200,4004
174353215500006,1746082800,3848
174353215500006,1746086400,3876
174353215500006,1746090000,3996
174353215500006,1746093600,3875
174353215500006,1746097200,3650
174353215500006,1746100800,3686
174353215500006,1746104400,3605
174353215500006,1746108000,3672
174353215500006,1746111600,3687
174353215500006,1746115200,3672
174353215500006,1746118800,3674
174353215500006,1746122400,1666
174353215500006,1746126000,3779
174353215500006,1746129600,3704
174353215500006,1746133200,3706
174353215500006,1746136800,3661
174353215500006,1746140400,3858
174353215500006,1746144000,4237
174353215500006,1746147600,4272
174353215500006,1746151200,4292
174353215500006,1746154800,4027
174353215500006,1746158400,4012
174353215500006,1746162000,4281
174353215500006,1746165600,4603
174353215500006,1746169200,4119
174353215500006,1746172800,3314
174353215400002,1743591600,2183
174353215400002,1743595200,2190
174353215400002,1743598800,2189
174353215400002,1743602400,2186
174353215400002,1743606000,2183
174353215400002,1743609600,2181
174353215400002,1743613200,2178
174353215400002,1743616800,2202
174353215400002,1743620400,2167
174353215400002,1743624000,2194
174353215400002,1743627600,2178
174353215400002,1743631200,2198
174353215400002,1743634800,2182
174353215400002,1743638400,2239
174353215400002,1743642000,2249
174353215400002,1743645600,2246
174353215400002,1743649200,2212
174353215400002,1743652800,2264
174353215400002,1743656400,2274
174353215400002,1743660000,2221
174353215400002,1743663600,2264
174353215400002,1743667200,2250
174353215400002,1743670800,2219
174353215400002,1743674400,2191
174353215400002,1743678000,2170
174353215400002,1743681600,2164
174353215400002,1743685200,2173
174353215400002,1743688800,2185
174353215400002,1743692400,2185
174353215400002,1743696000,2177
174353215400002,1743699600,2196
174353215400002,1743703200,2178
174353215400002,1743706800,2168
174353215400002,1743710400,2182
174353215400002,1743714000,2180
174353215400002,1743717600,2179
174353215400002,1743721200,2192
174353215400002,1743724800,2255
174353215400002,1743728400,2285
174353215400002,1743732000,2319
174353215400002,1743735600,2259
174353215400002,1743739200,2250
174353215400002,1743742800,2293
174353215400002,1743746400,2266
174353215400002,1743750000,2260
174353215400002,1743753600,2229
174353215400002,1743757200,2356
174353215400002,1743760800,2494
174353215400002,1743764400,2483
174353215400002,1743768000,2506
174353215400002,1743771600,2486
174353215400002,1743775200,2482
174353215400002,1743778800,2484
174353215400002,1743782400,2456
174353215400002,1743786000,2494
174353215400002,1743789600,2473
174353215400002,1743793200,2499
174353215400002,1743796800,2483
174353215400002,1743800400,2477
174353215400002,1743804000,2503
174353215400002,1743807600,2485
174353215400002,1743811200,2473
174353215400002,1743814800,2465
174353215400002,1743818400,2471
174353215400002,1743822000,2489
174353215400002,1743825600,2468
174353215400002,1743829200,2497
174353215400002,1743832800,2484
174353215400002,1743836400,2435
174353215400002,1743840000,2462
174353215400002,1743843600,2455
174353215400002,1743847200,2459
174353215400002,1743850800,2477
174353215400002,1743854400,2477
174353215400002,1743858000,2476
174353215400002,1743861600,2472
174353215400002,1743865200,2487
174353215400002,1743868800,2482
174353215400002,1743872400,2488
174353215400002,1743876000,2467
174353215400002,1743879600,2505
174353215400002,1743883200,2471
174353215400002,1743886800,2468
174353215400002,1743890400,2488
174353215400002,1743894000,2495
174353215400002,1743897600,2485
174353215400002,1743901200,2511
174353215400002,1743904800,2467
174353215400002,1743908400,2487
174353215400002,1743912000,2489
174353215400002,1743915600,2477
174353215400002,1743919200,2469
174353215400002,1743922800,2509
174353215400002,1743926400,2470
174353215400002,1743930000,2504
174353215400002,1743933600,2520
174353215400002,1743937200,2502
174353215400002,1743940800,2490
174353215400002,1743944400,2488
174353215400002,1743948000,2500
174353215400002,1743951600,2473
174353215400002,1743955200,2453
174353215400002,1743958800,2521
174353215400002,1743962400,2466
174353215400002,1743966000,2488
174353215400002,1743969600,2511
174353215400002,1743973200,2449
174353215400002,1743976800,2482
174353215400002,1743980400,2470
174353215400002,1743984000,2367
174353215400002,1743987600,2316
174353215400002,1743991200,2262
174353215400002,1743994800,2247
174353215400002,1743998400,2274
174353215400002,1744002000,2379
174353215400002,1744005600,2270
174353215400002,1744009200,2251
174353215400002,1744012800,2278
174353215400002,1744016400,2395
174353215400002,1744020000,2459
174353215400002,1744023600,2496
174353215400002,1744027200,2497
174353215400002,1744030800,2481
174353215400002,1744034400,2480
174353215400002,1744038000,2455
174353215400002,1744041600,2511
174353215400002,1744045200,2456
174353215400002,1744048800,2489
174353215400002,1744052400,2480
174353215400002,1744056000,2451
174353215400002,1744059600,2485
174353215400002,1744063200,2477
174353215400002,1744066800,2482
174353215400002,1744070400,2355
174353215400002,1744074000,2247
174353215400002,1744077600,2270
174353215400002,1744081200,2270
174353215400002,1744084800,2259
174353215400002,1744088400,2258
174353215400002,1744092000,2264
174353215400002,1744095600,2261
174353215400002,1744099200,2283
174353215400002,1744102800,2279
174353215400002,1744106400,2273
174353215400002,1744110000,2282
174353215400002,1744113600,2282
174353215400002,1744117200,2283
174353215400002,1744120800,2267
174353215400002,1744124400,2274
174353215400002,1744128000,2253
174353215400002,1744131600,2270
174353215400002,1744135200,2272
174353215400002,1744138800,2276
174353215400002,1744142400,2293
174353215400002,1744146000,2301
174353215400002,1744149600,2319
174353215400002,1744153200,2280
174353215400002,1744156800,2296
174353215400002,1744160400,2266
174353215400002,1744164000,2258
174353215400002,1744167600,2256
174353215400002,1744171200,2244
174353215400002,1744174800,2237
174353215400002,1744178400,2264
174353215400002,1744182000,2252
174353215400002,1744185600,2247
174353215400002,1744189200,2210
174353215400002,1744192800,2206
174353215400002,1744196400,2193
174353215400002,1744200000,2205
174353215400002,1744203600,2207
174353215400002,1744207200,2208
174353215400002,1744210800,2192
174353215400002,1744214400,2189
174353215400002,1744218000,2204
174353215400002,1744221600,2217
174353215400002,1744225200,2203
174353215400002,1744228800,2180
174353215400002,1744232400,2208
174353215400002,1744236000,2190
174353215400002,1744239600,2193
174353215400002,1744243200,2210
174353215400002,1744246800,2234
174353215400002,1744250400,2245
174353215400002,1744254000,2259
174353215400002,1744257600,2220
174353215400002,1744261200,2243
174353215400002,1744264800,2250
174353215400002,1744268400,2245
174353215400002,1744272000,2242
174353215400002,1744275600,2341
174353215400002,1744279200,2387
174353215400002,1744282800,2383
174353215400002,1744286400,2382
174353215400002,1744290000,2396
174353215400002,1744293600,2398
174353215400002,1744297200,2387
174353215400002,1744300800,2434
174353215400002,1744304400,2395
174353215400002,1744308000,2412
174353215400002,1744311600,2391
174353215400002,1744315200,2404
174353215400002,1744318800,2399
174353215400002,1744322400,2359
174353215400002,1744326000,2386
174353215400002,1744329600,2232
174353215400002,1744333200,2223
174353215400002,1744336800,2248
174353215400002,1744340400,2282
174353215400002,1744344000,2262
174353215400002,1744347600,2276
174353215400002,1744351200,2288
174353215400002,1744354800,2259
174353215400002,1744358400,2228
174353215400002,1744362000,2279
174353215400002,1744365600,2206
174353215400002,1744369200,2177
174353215400002,1744372800,2199
174353215400002,1744376400,2182
174353215400002,1744380000,2187
174353215400002,1744383600,2173
174353215400002,1744387200,2175
174353215400002,1744390800,2183
174353215400002,1744394400,2176
174353215400002,1744398000,2182
174353215400002,1744401600,2166
174353215400002,1744405200,2187
174353215400002,1744408800,2178
174353215400002,1744412400,2175
174353215400002,1744416000,2160
174353215400002,1744419600,2187
174353215400002,1744423200,2203
174353215400002,1744426800,2193
174353215400002,1744430400,2188
174353215400002,1744434000,2200
174353215400002,1744437600,2167
174353215400002,1744441200,2202
174353215400002,1744444800,2187
174353215400002,1744448400,2180
174353215400002,1744452000,2187
174353215400002,1744455600,2226
174353215400002,1744459200,2214
174353215400002,1744462800,2231
174353215400002,1744466400,2218
174353215400002,1744470000,2212
174353215400002,1744473600,2202
174353215400002,1744477200,2199
174353215400002,1744480800,2209
174353215400002,1744484400,2191
174353215400002,1744488000,2197
174353215400002,1744491600,2195
174353215400002,1744495200,2190
174353215400002,1744498800,2211
174353215400002,1744502400,2231
174353215400002,1744506000,2217
174353215400002,1744509600,2194
174353215400002,1744513200,2194
174353215400002,1744516800,2197
174353215400002,1744520400,2198
174353215400002,1744524000,2188
174353215400002,1744527600,2193
174353215400002,1744531200,2200
174353215400002,1744534800,2156
174353215400002,1744538400,2198
174353215400002,1744542000,2207
174353215400002,1744545600,2188
174353215400002,1744549200,2183
174353215400002,1744552800,2195
174353215400002,1744556400,2199
174353215400002,1744560000,2190
174353215400002,1744563600,2185
174353215400002,1744567200,2208
174353215400002,1744570800,2203
174353215400002,1744574400,2191
174353215400002,1744578000,2201
174353215400002,1744581600,2212
174353215400002,1744585200,2227
174353215400002,1744588800,2264
174353215400002,1744592400,2258
174353215400002,1744596000,2268
174353215400002,1744599600,2259
174353215400002,1744603200,2307
174353215400002,1744606800,2393
174353215400002,1744610400,2397
174353215400002,1744614000,2407
174353215400002,1744617600,2407
174353215400002,1744621200,2417
174353215400002,1744624800,2364
174353215400002,1744628400,2400
174353215400002,1744632000,2381
174353215400002,1744635600,2417
174353215400002,1744639200,2396
174353215400002,1744642800,2406
174353215400002,1744646400,2382
174353215400002,1744650000,2407
174353215400002,1744653600,2412
174353215400002,1744657200,2426
174353215400002,1744660800,2390
174353215400002,1744664400,2397
174353215400002,1744668000,2372
174353215400002,1744671600,2390
174353215400002,1744675200,2286
174353215400002,1744678800,2248
174353215400002,1744682400,2252
174353215400002,1744686000,2264
174353215400002,1744689600,2238
174353215400002,1744693200,2268
174353215400002,1744696800,2259
174353215400002,1744700400,2266
174353215400002,1744704000,2256
174353215400002,1744707600,2282
174353215400002,1744711200,2376
174353215400002,1744714800,2370
174353215400002,1744718400,2363
174353215400002,1744722000,2393
174353215400002,1744725600,2367
174353215400002,1744729200,2411
174353215400002,1744732800,2408
174353215400002,1744736400,2381
174353215400002,1744740000,2366
174353215400002,1744743600,2382
174353215400002,1744747200,2390
174353215400002,1744750800,2384
174353215400002,1744754400,2403
174353215400002,1744758000,2403
174353215400002,1744761600,2313
174353215400002,1744765200,2249
174353215400002,1744768800,2262
174353215400002,1744772400,2259
174353215400002,1744776000,2249
174353215400002,1744779600,2221
174353215400002,1744783200,2272
174353215400002,1744786800,2251
174353215400002,1744790400,2260
174353215400002,1744794000,2318
174353215400002,1744797600,2363
174353215400002,1744801200,2382
174353215400002,1744804800,2380
174353215400002,1744808400,2369
174353215400002,1744812000,2370
174353215400002,1744815600,2352
174353215400002,1744819200,2379
174353215400002,1744822800,2395
174353215400002,1744826400,2363
174353215400002,1744830000,2382
174353215400002,1744833600,2370
174353215400002,1744837200,2358
174353215400002,1744840800,2377
174353215400002,1744844400,2385
174353215400002,1744848000,2263
174353215400002,1744851600,2250
174353215400002,1744855200,2254
174353215400002,1744858800,2272
174353215400002,1744862400,2231
174353215400002,1744866000,2226
174353215400002,1744869600,2268
174353215400002,1744873200,2252
174353215400002,1744876800,2252
174353215400002,1744880400,2319
174353215400002,1744884000,2426
174353215400002,1744887600,2398
174353215400002,1744891200,2422
174353215400002,1744894800,2411
174353215400002,1744898400,2423
174353215400002,1744902000,2397
174353215400002,1744905600,2433
174353215400002,1744909200,2424
174353215400002,1744912800,2427
174353215400002,1744916400,2415
174353215400002,1744920000,2406
174353215400002,1744923600,2389
174353215400002,1744927200,2379
174353215400002,1744930800,2372
174353215400002,1744934400,2251
174353215400002,1744938000,2253
174353215400002,1744941600,2254
174353215400002,1744945200,2244
174353215400002,1744948800,2257
174353215400002,1744952400,2260
174353215400002,1744956000,2222
174353215400002,1744959600,2249
174353215400002,1744963200,2271
174353215400002,1744966800,2323
174353215400002,1744970400,2425
174353215400002,1744974000,2456
174353215400002,1744977600,2454
174353215400002,1744981200,2442
174353215400002,1744984800,2465
174353215400002,1744988400,2420
174353215400002,1744992000,2427
174353215400002,1744995600,2423
174353215400002,1744999200,2418
174353215400002,1745002800,2465
174353215400002,1745006400,2462
174353215400002,1745010000,2420
174353215400002,1745013600,2426
174353215400002,1745017200,2422
174353215400002,1745020800,2431
174353215400002,1745024400,2432
174353215400002,1745028000,2446
174353215400002,1745031600,2459
174353215400002,1745035200,2423
174353215400002,1745038800,2427
174353215400002,1745042400,2434
174353215400002,1745046000,2431
174353215400002,1745049600,2467
174353215400002,1745053200,2432
174353215400002,1745056800,2438
174353215400002,1745060400,2416
174353215400002,1745064000,2463
174353215400002,1745067600,2442
174353215400002,1745071200,2423
174353215400002,1745074800,2418
174353215400002,1745078400,2439
174353215400002,1745082000,2423
174353215400002,1745085600,2436
174353215400002,1745089200,2437
174353215400002,1745092800,2457
174353215400002,1745096400,2430
174353215400002,1745100000,2436
174353215400002,1745103600,2434
174353215400002,1745107200,2430
174353215400002,1745110800,2440
174353215400002,1745114400,2461
174353215400002,1745118000,2441
174353215400002,1745121600,2444
174353215400002,1745125200,2433
174353215400002,1745128800,2448
174353215400002,1745132400,2426
174353215400002,1745136000,2427
174353215400002,1745139600,2437
174353215400002,1745143200,2432
174353215400002,1745146800,2457
174353215400002,1745150400,2412
174353215400002,1745154000,2463
174353215400002,1745157600,2436
174353215400002,1745161200,2457
174353215400002,1745164800,2445
174353215400002,1745168400,2455
174353215400002,1745172000,2418
174353215400002,1745175600,2467
174353215400002,1745179200,2436
174353215400002,1745182800,2424
174353215400002,1745186400,2449
174353215400002,1745190000,2425
174353215400002,1745193600,2391
174353215400002,1745197200,2255
174353215400002,1745200800,2245
174353215400002,1745204400,2267
174353215400002,1745208000,2256
174353215400002,1745211600,2231
174353215400002,1745215200,2272
174353215400002,1745218800,2235
174353215400002,1745222400,2295
174353215400002,1745226000,2325
174353215400002,1745229600,2393
174353215400002,1745233200,2388
174353215400002,1745236800,2394
174353215400002,1745240400,2407
174353215400002,1745244000,2402
174353215400002,1745247600,2384
174353215400002,1745251200,2401
174353215400002,1745254800,2393
174353215400002,1745258400,2399
174353215400002,1745262000,2401
174353215400002,1745265600,2406
174353215400002,1745269200,2389
174353215400002,1745272800,2384
174353215400002,1745276400,2416
174353215400002,1745280000,2322
174353215400002,1745283600,2268
174353215400002,1745287200,2277
174353215400002,1745290800,2342
174353215400002,1745294400,2296
174353215400002,1745298000,2388
174353215400002,1745301600,2292
174353215400002,1745305200,2272
174353215400002,1745308800,2257
174353215400002,1745312400,2234
174353215400002,1745316000,2173
174353215400002,1745319600,2173
174353215400002,1745323200,2190
174353215400002,1745326800,2201
174353215400002,1745330400,2183
174353215400002,1745334000,2145
174353215400002,1745337600,2159
174353215400002,1745341200,2184
174353215400002,1745344800,2180
174353215400002,1745348400,2195
174353215400002,1745352000,2188
174353215400002,1745355600,2185
174353215400002,1745359200,2175
174353215400002,1745362800,2164
174353215400002,1745366400,2227
174353215400002,1745370000,2236
174353215400002,1745373600,2253
174353215400002,1745377200,2247
174353215400002,1745380800,2286
174353215400002,1745384400,2390
174353215400002,1745388000,2397
174353215400002,1745391600,2397
174353215400002,1745395200,2410
174353215400002,1745398800,2381
174353215400002,1745402400,2406
174353215400002,1745406000,2409
174353215400002,1745409600,2434
174353215400002,1745413200,2392
174353215400002,1745416800,2365
174353215400002,1745420400,2407
174353215400002,1745424000,2395
174353215400002,1745427600,2393
174353215400002,1745431200,2396
174353215400002,1745434800,2376
174353215400002,1745438400,2409
174353215400002,1745442000,2408
174353215400002,1745445600,2435
174353215400002,1745449200,2375
174353215400002,1745452800,2320
174353215400002,1745456400,2249
174353215400002,1745460000,2253
174353215400002,1745463600,2240
174353215400002,1745467200,2278
174353215400002,1745470800,2256
174353215400002,1745474400,2265
174353215400002,1745478000,2258
174353215400002,1745481600,2267
174353215400002,1745485200,2361
174353215400002,1745488800,2462
174353215400002,1745492400,2452
174353215400002,1745496000,2429
174353215400002,1745499600,2442
174353215400002,1745503200,2440
174353215400002,1745506800,2472
174353215400002,1745510400,2431
174353215400002,1745514000,2449
174353215400002,1745517600,2466
174353215400002,1745521200,2441
174353215400002,1745524800,2476
174353215400002,1745528400,2456
174353215400002,1745532000,2472
174353215400002,1745535600,2375
174353215400002,1745539200,2273
174353215400002,1745542800,2265
174353215400002,1745546400,2247
174353215400002,1745550000,2295
174353215400002,1745553600,2276
174353215400002,1745557200,2276
174353215400002,1745560800,2266
174353215400002,1745564400,2281
174353215400002,1745568000,2264
174353215400002,1745571600,2368
174353215400002,1745575200,2474
174353215400002,1745578800,2469
174353215400002,1745582400,2459
174353215400002,1745586000,2458
174353215400002,1745589600,2445
174353215400002,1745593200,2470
174353215400002,1745596800,2427
174353215400002,1745600400,2462
174353215400002,1745604000,2482
174353215400002,1745607600,2477
174353215400002,1745611200,2435
174353215400002,1745614800,2490
174353215400002,1745618400,2459
174353215400002,1745622000,2459
174353215400002,1745625600,2443
174353215400002,1745629200,2486
174353215400002,1745632800,2465
174353215400002,1745636400,2452
174353215400002,1745640000,2442
174353215400002,1745643600,2493
174353215400002,1745647200,2452
174353215400002,1745650800,2491
174353215400002,1745654400,2465
174353215400002,1745658000,2460
174353215400002,1745661600,2494
174353215400002,1745665200,2501
174353215400002,1745668800,2464
174353215400002,1745672400,2442
174353215400002,1745676000,2489
174353215400002,1745679600,2460
174353215400002,1745683200,2482
174353215400002,1745686800,2460
174353215400002,1745690400,2449
174353215400002,1745694000,2456
174353215400002,1745697600,2471
174353215400002,1745701200,2499
174353215400002,1745704800,2468
174353215400002,1745708400,2440
174353215400002,1745712000,2459
174353215400002,1745715600,2463
174353215400002,1745719200,2501
174353215400002,1745722800,2449
174353215400002,1745726400,2479
174353215400002,1745730000,2441
174353215400002,1745733600,2481
174353215400002,1745737200,2480
174353215400002,1745740800,2498
174353215400002,1745744400,2473
174353215400002,1745748000,2478
174353215400002,1745751600,2463
174353215400002,1745755200,2464
174353215400002,1745758800,2463
174353215400002,1745762400,2455
174353215400002,1745766000,2472
174353215400002,1745769600,2444
174353215400002,1745773200,2462
174353215400002,1745776800,2487
174353215400002,1745780400,2473
174353215400002,1745784000,2433
174353215400002,1745787600,2440
174353215400002,1745791200,2484
174353215400002,1745794800,2470
174353215400002,1745798400,2334
174353215400002,1745802000,2241
174353215400002,1745805600,2239
174353215400002,1745809200,2270
174353215400002,1745812800,2250
174353215400002,1745816400,2244
174353215400002,1745820000,2255
174353215400002,1745823600,2267
174353215400002,1745827200,2273
174353215400002,1745830800,2292
174353215400002,1745834400,2325
174353215400002,1745838000,2277
174353215400002,1745841600,2314
174353215400002,1745845200,2335
174353215400002,1745848800,2335
174353215400002,1745852400,2312
174353215400002,1745856000,2332
174353215400002,1745859600,2323
174353215400002,1745863200,2352
174353215400002,1745866800,2328
174353215400002,1745870400,2348
174353215400002,1745874000,2306
174353215400002,1745877600,2326
174353215400002,1745881200,2318
174353215400002,1745884800,2322
174353215400002,1745888400,2317
174353215400002,1745892000,2307
174353215400002,1745895600,2289
174353215400002,1745899200,2345
174353215400002,1745902800,2323
174353215400002,1745906400,2323
174353215400002,1745910000,2340
174353215400002,1745913600,2322
174353215400002,1745917200,2322
174353215400002,1745920800,2345
174353215400002,1745924400,2311
174353215400002,1745928000,2331
174353215400002,1745931600,2328
174353215400002,1745935200,2333
174353215400002,1745938800,2338
174353215400002,1745942400,2307
174353215400002,1745946000,2319
174353215400002,1745949600,2333
174353215400002,1745953200,3600
174353215400002,1745956800,2305
174353215400002,1745960400,2331
174353215400002,1745964000,2341
174353215400002,1745967600,2351
174353215400002,1745971200,2297
174353215400002,1745974800,2233
174353215400002,1745978400,2238
174353215400002,1745982000,2257
174353215400002,1745985600,2264
174353215400002,1745989200,2253
174353215400002,1745992800,2262
174353215400002,1745996400,2265
174353215400002,1746000000,2239
174353215400002,1746003600,2312
174353215400002,1746007200,2378
174353215400002,1746010800,2372
174353215400002,1746014400,2379
174353215400002,1746018000,2394
174353215400002,1746021600,2366
174353215400002,1746025200,2375
174353215400002,1746028800,2402
174353215400002,1746032400,2374
174353215400002,1746036000,2376
174353215400002,1746039600,2376
174353215400002,1746043200,2396
174353215400002,1746046800,2363
174353215400002,1746050400,2412
174353215400002,1746054000,2377
174353215400002,1746057600,2353
174353215400002,1746061200,2366
174353215400002,1746064800,2389
174353215400002,1746068400,2390
174353215400002,1746072000,2388
174353215400002,1746075600,2381
174353215400002,1746079200,2357
174353215400002,1746082800,2386
174353215400002,1746086400,2371
174353215400002,1746090000,2358
174353215400002,1746093600,2369
174353215400002,1746097200,2405
174353215400002,1746100800,2382
174353215400002,1746104400,2358
174353215400002,1746108000,2366
174353215400002,1746111600,2383
174353215400002,1746115200,2379
174353215400002,1746118800,2376
174353215400002,1746122400,1115
174353215400002,1746126000,2367
174353215400002,1746129600,2359
174353215400002,1746133200,2377
174353215400002,1746136800,2372
174353215400002,1746140400,2358
174353215400002,1746144000,2380
174353215400002,1746147600,2374
174353215400002,1746151200,2357
174353215400002,1746154800,2371
174353215400002,1746158400,2407
174353215400002,1746162000,2368
174353215400002,1746165600,2356
174353215400002,1746169200,2399
174353215400002,1746172800,1699
